<Scene>
    <Light Type="0">
        <Position x="0" y="0" z="0"/>
        <Direction x="0" y="-1" z="1"/>
        <Rotation x="0" y="0"/>
        <ColorAmbient x="0.0099999998" y="0.0099999998" z="0.0099999998"/>
        <ColorDiffuse x="1" y="1" z="1"/>
        <ColorSpecular x="1" y="1" z="1"/>
        <Intensity value="0.30000001"/>
        <AttenuationConstant value="0"/>
        <AttenuationLinear value="0"/>
        <AttenuationQuadratic value="0"/>
        <CutoffAngle value="0"/>
        <ShadowEnabled value="1"/>
    </Light>
    <Object>
        <Position x="0" y="0" z="0"/>
        <Rotation x="0" y="0" z="0"/>
        <Scale x="1" y="1" z="1"/>
        <Identifier value="game/models/island.obj"/>
        <PhysicsEnabled value="1"/>
        <PhysicsStatic value="1"/>
        <Visibility value="1"/>
        <Static value="1"/>
    </Object>
    <Object>
        <Position x="1.8499993" y="-0.14999999" z="22.099949"/>
        <Rotation x="2" y="80.000008" z="358"/>
        <Scale x="1" y="1" z="1"/>
        <Identifier value="game/models/tree2.obj"/>
        <PhysicsEnabled value="1"/>
        <PhysicsStatic value="1"/>
        <Visibility value="1"/>
        <Static value="1"/>
    </Object>
    <Object>
        <Position x="19.949982" y="-0.2" z="18.849998"/>
        <Rotation x="6" y="37" z="0"/>
        <Scale x="1" y="1" z="1"/>
        <Identifier value="game/models/tree2.obj"/>
        <PhysicsEnabled value="1"/>
        <PhysicsStatic value="1"/>
        <Visibility value="1"/>
        <Static value="1"/>
    </Object>
    <Object>
        <Position x="5.6500034" y="-0.2" z="23.99992"/>
        <Rotation x="360" y="59" z="0"/>
        <Scale x="1" y="1" z="1"/>
        <Identifier value="game/models/tree2.obj"/>
        <PhysicsEnabled value="1"/>
        <PhysicsStatic value="1"/>
        <Visibility value="1"/>
        <Static value="1"/>
    </Object>
    <Object>
        <Position x="2.9499984" y="0" z="16.900028"/>
        <Rotation x="3" y="64.000008" z="0"/>
        <Scale x="1" y="1" z="1"/>
        <Identifier value="game/models/bush2.obj"/>
        <PhysicsEnabled value="1"/>
        <PhysicsStatic value="1"/>
        <Visibility value="1"/>
        <Static value="0"/>
    </Object>
    <Object>
        <Position x="38.999691" y="-0.65000004" z="0.50000006"/>
        <Rotation x="358" y="26" z="0"/>
        <Scale x="1" y="1" z="1"/>
        <Identifier value="game/models/tree2.obj"/>
        <PhysicsEnabled value="0"/>
        <PhysicsStatic value="0"/>
        <Visibility value="1"/>
        <Static value="0"/>
    </Object>
    <Object>
        <Position x="32.699787" y="0" z="5.3500023"/>
        <Rotation x="0" y="37" z="0"/>
        <Scale x="1" y="1" z="1"/>
        <Identifier value="game/models/tree2.obj"/>
        <PhysicsEnabled value="0"/>
        <PhysicsStatic value="0"/>
        <Visibility value="1"/>
        <Static value="0"/>
    </Object>
    <Object>
        <Position x="-11.650026" y="0" z="26.249886"/>
        <Rotation x="0" y="123.00003" z="0"/>
        <Scale x="1" y="1" z="1"/>
        <Identifier value="game/models/tree2.obj"/>
        <PhysicsEnabled value="0"/>
        <PhysicsStatic value="0"/>
        <Visibility value="1"/>
        <Static value="1"/>
    </Object>
    <Object>
        <Position x="-19.049995" y="0" z="28.249855"/>
        <Rotation x="352" y="27" z="355"/>
        <Scale x="1" y="1" z="1"/>
        <Identifier value="game/models/tree2.obj"/>
        <PhysicsEnabled value="0"/>
        <PhysicsStatic value="0"/>
        <Visibility value="1"/>
        <Static value="1"/>
    </Object>
    <Object>
        <Position x="28.399853" y="0" z="8.1000128"/>
        <Rotation x="0" y="80.000008" z="0"/>
        <Scale x="1" y="1" z="1"/>
        <Identifier value="game/models/bush_tree.obj"/>
        <PhysicsEnabled value="1"/>
        <PhysicsStatic value="1"/>
        <Visibility value="1"/>
        <Static value="1"/>
    </Object>
    <Object>
        <Position x="0" y="55.349442" z="0"/>
        <Rotation x="0" y="0" z="0"/>
        <Scale x="4.0999975" y="4.0999975" z="4.0999975"/>
        <Identifier value="game/models/cloud.obj"/>
        <PhysicsEnabled value="0"/>
        <PhysicsStatic value="0"/>
        <Visibility value="1"/>
        <Static value="0"/>
    </Object>
    <Object>
        <Position x="-30.54982" y="53.049477" z="25.2999"/>
        <Rotation x="0" y="231.00014" z="9.5367432e-07"/>
        <Scale x="4.0499973" y="4.0499973" z="4.0499973"/>
        <Identifier value="game/models/cloud.obj"/>
        <PhysicsEnabled value="0"/>
        <PhysicsStatic value="0"/>
        <Visibility value="1"/>
        <Static value="0"/>
    </Object>
    <Object>
        <Position x="39.099689" y="64.699348" z="52.649483"/>
        <Rotation x="0" y="0" z="0"/>
        <Scale x="5" y="5" z="5"/>
        <Identifier value="game/models/cloud.obj"/>
        <PhysicsEnabled value="0"/>
        <PhysicsStatic value="0"/>
        <Visibility value="1"/>
        <Static value="0"/>
    </Object>
    <Object>
        <Position x="-26.549881" y="56.599422" z="-54.749451"/>
        <Rotation x="177.00015" y="184.00015" z="5.000001"/>
        <Scale x="7" y="7" z="7"/>
        <Identifier value="game/models/cloud.obj"/>
        <PhysicsEnabled value="0"/>
        <PhysicsStatic value="0"/>
        <Visibility value="1"/>
        <Static value="0"/>
    </Object>
</Scene>
