<Scene>
    <Light Type="0">
        <Position x="0" y="0" z="0"/>
        <Direction x="0" y="-1" z="1"/>
        <Rotation x="0" y="0"/>
        <ColorAmbient x="0.0099999998" y="0.0099999998" z="0.0099999998"/>
        <ColorDiffuse x="1" y="1" z="1"/>
        <ColorSpecular x="1" y="1" z="1"/>
        <Intensity value="0.30000001"/>
        <AttenuationConstant value="-4.3160208e+08"/>
        <AttenuationLinear value="-4.3160208e+08"/>
        <AttenuationQuadratic value="-4.3160208e+08"/>
        <CutoffAngle value="-4.3160208e+08"/>
        <ShadowEnabled value="1"/>
    </Light>
    <Object>
        <Position x="0" y="0" z="0"/>
        <Rotation x="0" y="0" z="0"/>
        <Scale x="0.01" y="0.01" z="0.01"/>
        <Identifier value="models/crytek-sponza2/sponza.obj"/>
        <PhysicsEnabled value="1"/>
        <PhysicsStatic value="1"/>
        <Visibility value="2"/>
        <Static value="1"/>
    </Object>

</Scene>
